﻿<?xml version="1.0" encoding="utf-8"?>
<component format="1" id="zxing.net.mobile" is-shell="true">
  <name>ZXing.Net.Mobile</name>
  <publisher>Redth</publisher>
  <publisher-url>https://github.com/Redth/ZXing.Net.Mobile</publisher-url>
  <version>2.1.12</version>
  <summary>ZXing.Net.Mobile is a C#/.NET Barcode Scanning Library</summary>
  <packages>
    <package id="ZXing.Net.Mobile" version="2.1.12" framework="android" />
    <package id="Xamarin.Android.Support.v4" version="23.0.1.3" framework="android" />
    <package id="ZXing.Net.Mobile" version="2.1.12" framework="winphone-8.1" />
    <package id="WriteableBitmapEx" version="1.5.0" framework="winphone-8.1" />
    <package id="ZXing.Net.Mobile" version="2.1.12" framework="winuniversal-10.0" />
    <package id="ZXing.Net.Mobile" version="2.1.12" framework="ios-unified" />
    <package id="ZXing.Net.Mobile" version="2.1.12" framework="winphone-8.0" />
    <package id="WriteableBitmapEx" version="1.5.0" framework="winphone-8.0" />
  </packages>
  <samples>
    <sample id="Sample.iOS">
      <name>Xamarin.iOS Unified API Sample</name>
      <summary>Xamarin.iOS Unified API Sample</summary>
    </sample>
    <sample id="Sample.Android">
      <name>Xamarin.Android Sample</name>
      <summary>Xamarin.Android Sample</summary>
    </sample>
    <sample id="Sample.WindowsPhone">
      <name>Windows Phone Sample</name>
      <summary>Windows Phone Sample</summary>
    </sample>
    <sample id="Sample.WindowsUniversal">
      <name>Windows Universal Sample</name>
      <summary>Windows Universal Sample</summary>
    </sample>
  </samples>
</component>